from,to,vol
O02,A05,300
O02,A06,300
O02,A07,300
O02,A08,300
O02,A10,300
O02,A11,300
O02,A12,300
O02,A13,300
O02,A14,300
O02,A16,300
O02,A18,300
O02,A20,300
O02,A21,300
O02,B02,300
O02,B04,300
O02,B05,300
O02,B07,300
O02,B08,300
O02,B10,300
O02,B14,300
O02,B17,300
O02,B18,300
O02,B22,300
O02,B24,300
O02,C01,300
O02,C02,300
O02,C03,300
O02,C05,300
O02,C07,300
O02,C08,300
O02,C09,300
O02,C10,300
O02,C14,300
O02,C15,300
O02,C16,300
O02,C19,300
O02,C20,300
O02,C23,300
O02,C24,300
O02,D05,300
O02,D09,300
O02,D14,300
O02,D15,300
O02,D16,300
O02,D18,300
O02,D20,300
O02,D24,300
O02,E01,300
O02,E03,300
O02,E04,300
O02,E05,300
O02,E18,300
O02,E21,300
O02,E22,300
O02,E23,300
O02,F01,300
O02,F04,300
O02,F08,300
O02,F09,300
O02,F11,300
O02,F14,300
O02,F15,300
O02,F16,300
O02,F21,300
O02,F23,300
O02,G06,300
O02,G08,300
O02,G09,300
O02,G13,300
O02,G14,300
O02,G15,300
O02,G17,300
O02,G19,300
O02,G20,300
O02,H01,300
O02,H02,300
O02,H05,300
O02,H08,300
O02,H09,300
O02,H10,300
O02,H15,300
O02,H17,300
O02,H19,300
O02,H24,300
O02,I04,300
O02,I05,300
O02,I06,300
O02,I13,300
O02,I14,300
O02,I15,300
O02,I16,300
O02,I18,300
O02,I19,300
O02,I21,300
O02,I22,300
O02,J01,300
O02,J06,300
O02,J07,300
O02,J08,300
O02,J09,300
O02,J12,300
O02,J20,300
O02,J23,300
O02,J24,300
O02,K06,300
O02,K07,300
O02,K10,300
O02,K13,300
O02,K15,300
O02,K19,300
O02,K20,300
O02,K21,300
O02,K22,300
O02,K24,300
O02,L01,300
O02,L02,300
O02,L06,300
O02,L07,300
O02,L10,300
O02,L13,300
O02,L16,300
O02,L19,300
O02,L22,300
O02,L24,300
O02,M07,300
O02,M09,300
O02,M14,300
O02,M22,300
O02,M24,300
O02,N01,300
O02,N02,300
O02,N09,300
O02,N11,300
O02,N12,300
O02,N14,300
O02,N15,300
O03,N18,300
O03,N19,300
O03,N20,300
O03,N22,300
O03,N23,300
O03,N24,300
O03,O02,300
O03,O04,300
O03,O05,300
O03,O07,300
O03,O10,300
O03,O11,300
O03,O23,300
O03,P01,300
O03,P06,300
O03,P08,300
O03,P10,300
O03,P12,300
O03,P17,300
O03,P21,300
P02,A01,300
P02,A02,300
P02,A03,300
P02,A04,300
P02,A09,300
P02,A15,300
P02,A17,300
P02,A19,300
P02,A22,300
P02,A23,300
P02,A24,300
P02,B01,300
P02,B03,300
P02,B06,300
P02,B09,300
P02,B11,300
P02,B12,300
P02,B13,300
P02,B15,300
P02,B16,300
P02,B19,300
P02,B20,300
P02,B21,300
P02,B23,300
P02,C04,300
P02,C06,300
P02,C11,300
P02,C12,300
P02,C13,300
P02,C17,300
P02,C18,300
P02,C21,300
P02,C22,300
P02,D01,300
P02,D02,300
P02,D03,300
P02,D04,300
P02,D06,300
P02,D07,300
P02,D08,300
P02,D10,300
P02,D11,300
P02,D12,300
P02,D13,300
P02,D17,300
P02,D19,300
P02,D21,300
P02,D22,300
P02,D23,300
P02,E02,300
P02,E06,300
P02,E07,300
P02,E08,300
P02,E09,300
P02,E10,300
P02,E11,300
P02,E12,300
P02,E13,300
P02,E14,300
P02,E15,300
P02,E16,300
P02,E17,300
P02,E19,300
P02,E20,300
P03,E24,300
P03,F02,300
P03,F03,300
P03,F05,300
P03,F06,300
P03,F07,300
P03,F10,300
P03,F12,300
P03,F13,300
P03,F17,300
P03,F18,300
P03,F19,300
P03,F20,300
P03,F22,300
P03,F24,300
P03,G01,300
P03,G02,300
P03,G03,300
P03,G04,300
P03,G05,300
P03,G07,300
P03,G10,300
P03,G11,300
P03,G12,300
P03,G16,300
P03,G18,300
P03,G21,300
P03,G22,300
P03,G23,300
P03,G24,300
P03,H03,300
P03,H04,300
P03,H06,300
P03,H07,300
P03,H11,300
P03,H12,300
P03,H13,300
P03,H14,300
P03,H16,300
P03,H18,300
P03,H20,300
P03,H21,300
P03,H22,300
P03,H23,300
P03,I01,300
P03,I02,300
P03,I03,300
P03,I07,300
P03,I08,300
P03,I09,300
P03,I10,300
P03,I11,300
P03,I12,300
P03,I17,300
P03,I20,300
P03,I23,300
P03,I24,300
P03,J02,300
P03,J03,300
P03,J04,300
P03,J05,300
P03,J10,300
P03,J11,300
P03,J13,300
P03,J14,300
P03,J15,300
P03,J16,300
P03,J17,300
P03,J18,300
P03,J19,300
P03,J21,300
P03,J22,300
P03,K01,300
P03,K02,300
P03,K03,300
P03,K04,300
P03,K05,300
P03,K08,300
P03,K09,300
P03,K11,300
P03,K12,300
P03,K14,300
P03,K16,300
P03,K17,300
P03,K18,300
P03,K23,300
P03,L03,300
P03,L04,300
P03,L05,300
P03,L08,300
P03,L09,300
P03,L11,300
P03,L12,300
P03,L14,300
P03,L15,300
P03,L17,300
P03,L18,300
P03,L20,300
P03,L21,300
P03,L23,300
P03,M01,300
P03,M02,300
P03,M03,300
P03,M04,300
P03,M05,300
P03,M06,300
P03,M08,300
P03,M10,300
P03,M11,300
P03,M12,300
P03,M13,300
P03,M15,300
P03,M16,300
P03,M17,300
P03,M18,300
P03,M19,300
P03,M20,300
P03,M21,300
P03,M23,300
P03,N03,300
P03,N04,300
P03,N05,300
P03,N06,300
P03,N07,300
P03,N08,300
P03,N10,300
P03,N13,300
P03,N16,300
P03,N17,300
P03,N21,300
P03,O01,300
P03,O03,300
P03,O06,300
P03,O08,300
P03,O09,300
P03,O12,300
P03,O13,300
P03,O14,300
P03,O15,300
P03,O16,300
P03,O17,300
P03,O18,300
P03,O19,300
P03,O20,300
P03,O21,300
P03,O22,300
P04,O24,300
P04,P02,300
P04,P03,300
P04,P04,300
P04,P05,300
P04,P07,300
P04,P09,300
P04,P11,300
P04,P13,300
P04,P14,300
P04,P15,300
P04,P16,300
P04,P18,300
P04,P19,300
P04,P20,300
P04,P22,300
P04,P23,300
P04,P24,300
